{"cameraMode":{"drawMode":0,"name":"Shaded","section":"Shading Mode"},"sceneLighting":true,"audioPlay":false,"sceneViewState":{"showFog":false,"showMaterialUpdate":false,"showSkybox":false,"showFlares":false,"showImageEffects":false,"showParticleSystems":false},"in2DMode":false,"pivot":{"x":11.50583553314209,"y":1.7897192239761353,"z":9.834197044372559},"rotation":{"x":0.011555817909538746,"y":0.34804216027259829,"z":-0.0042412495240569119,"w":0.9374307990074158},"size":6.17183780670166,"orthographic":false}