{"cameraMode":{"drawMode":0,"name":"Shaded","section":"Shading Mode"},"sceneLighting":true,"audioPlay":false,"sceneViewState":{"showFog":false,"showMaterialUpdate":false,"showSkybox":false,"showFlares":false,"showImageEffects":false,"showParticleSystems":false},"in2DMode":false,"pivot":{"x":11.50583553314209,"y":1.7897192239761353,"z":9.834197044372559},"rotation":{"x":0.28244754672050478,"y":0.3226257264614105,"z":-0.1014682948589325,"w":0.8977206945419312},"size":7.395016670227051,"orthographic":false}