{"cameraMode":{"drawMode":0,"name":"Shaded","section":"Shading Mode"},"sceneLighting":true,"audioPlay":false,"sceneViewState":{"showFog":false,"showMaterialUpdate":false,"showSkybox":false,"showFlares":false,"showImageEffects":false,"showParticleSystems":false},"in2DMode":false,"pivot":{"x":1.632493019104004,"y":-0.16496267914772035,"z":2.392483711242676},"rotation":{"x":-0.30640286207199099,"y":0.6634459495544434,"z":-0.3451513648033142,"w":-0.5889630913734436},"size":4.646115779876709,"orthographic":false}