{"cameraMode":{"drawMode":0,"name":"Shaded","section":"Shading Mode"},"sceneLighting":true,"audioPlay":false,"sceneViewState":{"showFog":false,"showMaterialUpdate":false,"showSkybox":false,"showFlares":false,"showImageEffects":false,"showParticleSystems":false},"in2DMode":false,"pivot":{"x":10.135085105895996,"y":1.445082426071167,"z":9.961167335510254},"rotation":{"x":0.09655354171991348,"y":0.5896848440170288,"z":-0.07128927856683731,"w":0.7986657023429871},"size":3.841973066329956,"orthographic":false}