{"cameraMode":{"drawMode":0,"name":"Shaded","section":"Shading Mode"},"sceneLighting":true,"audioPlay":false,"sceneViewState":{"showFog":false,"showMaterialUpdate":false,"showSkybox":false,"showFlares":false,"showImageEffects":false,"showParticleSystems":false},"in2DMode":false,"pivot":{"x":-0.33293139934539797,"y":1.4421194791793824,"z":0.5145263671875},"rotation":{"x":-0.0893826112151146,"y":-0.8931517601013184,"z":0.20443040132522584,"w":-0.3905216157436371},"size":2.3478474617004396,"orthographic":false}